metrics/precision,metrics/mAP_0.5,train/box_loss,val/box_loss
0.5209470181053677,0.4865878636453697,3.0012137454982635,3.585105295298824
0.5043527890092165,0.4827222587869506,2.9283161181181265,3.3443492983320238
0.5276050030065831,0.46209472095487397,3.1879997650658076,3.7262576742672273
0.47571165985864444,0.46193678073230304,3.103131237763532,3.8831913950865684
0.5037539337365041,0.473874404020299,2.8600824653605317,3.5500022525138046
0.5049922466315112,0.4976212854269746,2.9392616018423463,3.655147718706111
0.49132260357134255,0.5032347263853112,2.9332098694539437,3.448129431575177
0.5075419486917477,0.5132430105443793,2.825970554527927,3.5428307975351787
0.5185631301038337,0.48254552526582084,3.070849982806732,3.6606288877200495
0.49911205757217675,0.5161472580258537,2.9289271012227207,3.54038936684329
0.5148352299659869,0.4759067426661211,2.7378813717749915,3.2172979047062324
0.5086346306553988,0.4929503520388527,2.8717827152500117,3.5023664623208624
0.5230623584494363,0.4696571412380035,2.963536215745851,3.6967419367824563
0.4994425571160012,0.4853911272348242,2.7835930402586584,3.22757654059133
0.4764428662303563,0.4404259299946469,2.693769297458479,3.235138427047736
0.5224415704332457,0.5092216604627187,2.8316667591989737,3.4549747589304185
0.4959846395067332,0.47285429663443646,2.7306511961012037,3.1981029060508557
0.5072525500559733,0.459017230992487,2.9852220518951316,3.6930380179273956
0.553279979542301,0.5240130726173706,2.605277085578605,3.1698219153361307
0.48578792550624095,0.4640007404659047,2.652330345702595,3.0951733438209588
0.4877214513712729,0.48393725517877706,2.63091737599859,3.078088498776058
0.4867429626773181,0.4581226994042722,2.739431544375988,3.231726344928228
0.5160344665120739,0.5048144293891398,2.7227311422173903,3.4330818900798503
0.5048760577744513,0.4783321107476201,2.58672256482144,3.1292532548724292
0.5000590410337682,0.4930616090802627,2.6942300959861556,3.369823252250691
0.4934086190386158,0.4911450928134133,2.5663525014510746,3.1248395752489824
0.5580824235333744,0.5203467348652709,2.651295972440924,3.1521216862600894
0.5034626612994915,0.4671247693774691,2.549088985105529,2.946133894868704
0.49070203463575907,0.4903606400688449,2.639921281579106,3.2745496851742435
0.5227474631235157,0.46518626910281163,2.5079291391262233,3.103085497379791
0.5035138743765601,0.485775261043367,2.754321453167568,3.1915666112772962
0.4837205466923454,0.4713663854585935,2.5393188619391753,2.838122164818672
0.486190135186939,0.47531891564583767,2.567880789222607,2.9382956085454657
0.5596752690429273,0.4914202970001236,2.4757276861247366,2.8165221313190694
0.4996310937665026,0.4741130693037472,2.462988885857385,2.971485713317854
0.5232814391617636,0.5059674752525545,2.369478149639093,2.8745831787865437
0.49140615746107746,0.4732310965291472,2.508767710316357,2.9067361373037057
0.520126392366828,0.4825619781719344,2.4953023926152493,2.9328342403149894
0.517897325708846,0.47771095555374743,2.5484337588214356,2.946414854580419
0.4975972256972689,0.49871138908903495,2.4868994258365515,3.1464082206869537
0.5243240753305184,0.4673991555673085,2.479521315016335,2.9804701795207205
0.527407631426868,0.48067357036876257,2.2904298610358684,2.7234482060116325
0.5089626844370253,0.47792074354999986,2.400241473303041,2.7879540703258208
0.5059626408807217,0.4797324120818582,2.3812204358558704,3.013511051835068
0.5340300960074456,0.5193421667970892,2.421067787456561,2.829819578139491
0.5222494418213879,0.4666868241123393,2.2675044598527765,2.9150417504583386
0.5068565618465815,0.46959912965838674,2.397186871609719,2.76151542749707
0.5170889179253622,0.4902614535313067,2.2390400619067403,2.6252301111620238
0.530747049264921,0.48392143432745566,2.3085881688556116,2.69859656545942
0.5135624313064195,0.47773841024472513,2.4372032705534514,2.982071219348173
0.5108396598896362,0.46312569388764613,2.248287460370101,2.6604652162756786
0.4955455497355218,0.4718667388946504,2.260513710682646,2.5738290644170467
0.5073962190068718,0.45797788033127035,2.4329017581567816,2.927103959026669
0.5244582744553957,0.4996357658544626,2.1600265523843034,2.664738272595082
0.524516099900603,0.48682536971852414,2.291245319459659,2.50163024723885
0.4921110322030631,0.5004997894189855,2.235929797136907,2.706396217763964
0.5287123589159727,0.4925290248651957,2.3799318271112124,2.9993751649490163
0.4968198265885682,0.4802188089957804,2.126372366473824,2.720747108508418
0.4961237649848794,0.4897642098130614,2.392848089536282,2.9028933190012185
0.4643366610897099,0.4482974196917026,2.2877996045956865,2.5852771994602732
0.5066315818425345,0.49067316197039235,2.097270244284151,2.5386522778860936
0.5233210070414364,0.471243012309566,2.1024091687935065,2.418520271350759
0.5420313890004822,0.4689729198756503,2.0468944706070835,2.3101139640699038
0.5051924749417177,0.5088025730471564,2.1746953303975824,2.642696979587291
0.5340750443065035,0.527192801379396,2.087706803303356,2.4238713287200784
0.49115441717479796,0.4892677688864123,2.2301005982993165,2.8622501384393533
0.5475756722448468,0.5435806755326412,2.0771949065686246,2.2864963053752594
0.5230091241258567,0.5090879998026984,2.0319125036243935,2.4128334086011662
0.513652000703432,0.4625001645041836,2.0608655320573406,2.41721317202038
0.512416905726418,0.45676082981608596,1.9816128719576203,2.4216096152793285
0.5354689403907317,0.5292284658401116,2.29320454677568,2.7192649582560504
0.4890893435224361,0.4514565698869372,1.8600109809954795,2.107158309403637
0.5232061842820195,0.5270616083810361,2.151989757626532,2.481563742844419
0.5371795514094764,0.4931731364126385,2.003780879661529,2.3608920845938
0.5395764632413206,0.5004100772831472,2.079176789320867,2.560660377397204
0.5299671885736675,0.47662050511932197,2.0533897193712587,2.4317615983361316
0.5046655875103175,0.45142345373009196,2.1580327143265112,2.5436367890450846
0.5490306894641256,0.49914737464271974,2.12240302724392,2.7106898317952512
0.5140503360638983,0.4470537828784052,2.045820666666705,2.518028856506878
0.5046132421842471,0.4515129142080615,2.0909201585037174,2.5295503191155535
0.5277197767766836,0.4936368580870776,2.066793203071609,2.598598925969042
0.4803879613085127,0.4252377729156716,1.9265126070983747,2.3777609659945163
0.5263224970805955,0.4827422863686658,2.038355833671017,2.534706423613982
0.5664942591918545,0.5324320292424353,1.7630192970055591,2.0524223784639757
0.5590809609544718,0.5028423438443828,2.1628438102307412,2.5554463024616605
0.5406697242143286,0.5190092056096173,1.8827189452569357,2.2921803270475785
0.5346291018557531,0.5192888654195935,2.0540891169105837,2.6150731907226525
0.54216755248817,0.5148350859497156,1.913920034032007,2.253695202474736
0.513174589221537,0.513967969599378,2.0040705011707676,2.2335687312786
0.5177573523108591,0.5129968911230273,1.8408375018376775,2.4119333933973888
0.5442451139064494,0.5709776812712968,1.7757175209175542,1.9008799699288457
0.5254255045831439,0.5520621306767961,1.8654516312467164,2.1652395645529476
0.5260774147957974,0.46448618839651495,1.8585422844448705,2.435422717123122
0.5156309292816189,0.5245087967675012,1.6930932682517494,2.097959824847781
0.5247045714602239,0.4888539210682317,1.961262112339524,2.4616674875986417
0.5094726189238309,0.4756226811758194,1.7239089436191695,2.1215790583082637
0.5370260139572605,0.49835961595414313,1.949776591876248,2.4071681401721263
0.5083949537243866,0.4669773826369669,2.0068356309483106,2.4548642217277816
0.5490624242131718,0.5255429612156977,1.7731212160404186,2.066939280322096
0.5384918412044892,0.5150283137166521,1.850427463784664,2.180021192024782
0.5395243751338732,0.4925104933682015,1.71146447528407,1.939526728354034
0.5152613015419639,0.48407193079986516,1.9039512583191838,2.1829719257471227
0.5225439912642514,0.47647092545577324,1.7754919706822463,2.3123530013934737
0.5474718855043067,0.5310148440239197,1.727939268700935,2.100069380367802
0.5450199386708988,0.5269190038573736,1.8688495286498525,2.1724650961112153
0.5498334177463128,0.508299681614397,1.662982054186678,1.8895002025251901
0.5447972541314124,0.48967211929549903,1.806632130784036,2.0764853529145575
0.542883216598639,0.5248180453267989,1.827003235903265,2.1139531516406103
0.529654325832648,0.4626338292968077,1.8375061587829589,2.1352595867677193
0.5609793456802403,0.5294005899845368,1.8829148424788298,2.328502081479314
0.5553716466350497,0.5230476917980448,1.618320283533353,1.9805800046127822
0.5432853918996402,0.5439281669054992,1.661938255438542,2.024134644070309
0.5245316289874806,0.5160857586836334,1.8568947151341473,2.1242327994065606
0.5787566115363227,0.5476779554951162,1.72897277112398,2.081359125099182
0.5711497818464819,0.5219783303741703,1.663065903852426,1.5723367472054686
0.5505835934607463,0.5326540812792667,1.594890853261541,1.7066600652044472
0.5367585047152591,0.4996217093232699,1.707997370891361,1.9225038176542328
0.5345766011215975,0.547749907579404,1.5993361518258216,1.8482186428980028
0.5550337723999775,0.5606378896081564,1.6739219470112319,2.034744861744456
0.5451788143210126,0.5443637886739153,1.5719336176894205,1.8740626038505734
0.5233513979497236,0.5103812695486009,1.6879663187062675,2.0236613537511907
0.5310711698222201,0.5013127285352074,1.797263203631543,2.1822367561109455
0.5251682616882694,0.4781762253220167,1.7114067273399587,2.144011479576838
0.5480374259823552,0.5378258392362405,1.571336127889898,1.8234188732884453
0.5223826411830531,0.4688651292619308,1.6907370660211132,2.152730402736083
0.5675568445184099,0.5570723699568019,1.6174278930234807,2.0297514051533225
0.5361707178875146,0.48965334420323653,1.6341145282194338,1.9399158171737745
0.527640715488891,0.5176755235972416,1.6447984851738167,2.036847916442871
0.5221022567426885,0.4928453282498089,1.3997882711116583,1.6389429077624709
0.5597772250362869,0.533280473798109,1.5818396587752859,1.839665761164367
0.5643997396254272,0.5429352448522926,1.362860233356253,1.5528035512009208
0.5447455173705749,0.5384742402628191,1.5317042580217302,1.6873487590194847
0.5969420060360338,0.576717162939158,1.4695295546791198,1.7871804951832895
0.5604404339946671,0.5126058444481356,1.4424515144996692,1.739161159398075
0.5286180290442152,0.4739517444919167,1.513821141272164,1.6993432478083805
0.5019588149675788,0.446462008692789,1.6108343016435756,1.9809429043740683
0.5412298585338582,0.5122917861597619,1.6587893360392165,2.0099161481956975
0.5388678086500411,0.531586084481592,1.447742765655629,1.7571642747123821
0.5617300785778051,0.535476964106114,1.4958431541090198,1.8570695434444158
0.5414305250615804,0.5019868526846176,1.3859489284796673,1.5548743746966265
0.5654954462810359,0.5318501700316443,1.4155977243774458,1.6695332460662902
0.5616732228656345,0.49974358325426965,1.765288344048611,2.232926478115342
0.565832752496229,0.5525508634208509,1.456169132779489,1.6303222390029535
0.5453692625321934,0.4896364742750678,1.498947276259868,1.7535125844677837
0.547925880615392,0.5513231895966404,1.4962839033718873,1.626322737119947
0.5633502468607077,0.529629671176337,1.4613192720101968,1.8909785096534157
0.5643519984578915,0.49060741588049783,1.4401624719074564,1.824219350878204
0.6037656023296942,0.5544928251994893,1.4405032193145013,1.7798277543180712
0.5580996518056963,0.5331021642507002,1.5732640398414417,1.8317766413709022
0.5498056711368752,0.5138554584307038,1.4196672034170104,1.7391134229131031
0.5387503626797164,0.49537567111907815,1.3804366475585843,1.6812913052003986
0.5366533066195421,0.4948312473089761,1.3680563659469631,1.6002049041795352
0.5503479568435897,0.5341308152297641,1.255901312207871,1.3963617556319623
0.5732958211198119,0.5477928894178309,1.5242452072028752,1.826107062899605
0.5522309390732405,0.5375232731470101,1.3867928178197393,1.6378165338057904
0.5551176572317931,0.5085254755806733,1.3082976137541735,1.579683564199842
0.5338582670272611,0.5107863179504659,1.4978559002257872,1.725583102353917
0.5375911676153363,0.5221684000882559,1.4096123708802797,1.542239775715447
0.5522376942408956,0.561379089902714,1.3819551904542997,1.6439045257841236
0.5573734578953135,0.5158329640776509,1.235293934611987,1.6987857842607634
0.5853076253599478,0.5411846162212441,1.2706906618375742,1.431782218459224
0.5560881595251302,0.5214353736742974,1.2086738285472667,1.4738698895006286
0.5805265314836532,0.5428370546653848,1.388365140469956,1.7554875297621846
0.5857244417509201,0.585571354197332,1.502598963622791,1.9638493221763067
0.5618796685135078,0.5051124214704209,1.2717615258413308,1.5734855157609353
0.5538528628967742,0.5468398457106766,1.2698539658931518,1.5419689545149236
0.5546453364019847,0.5283244219076134,1.2476611808987321,1.5522364335203094
0.5323783608091948,0.5113163834471025,1.441096162354517,1.7835717293013187
0.5374696472408906,0.5148344915609054,1.2776642769858038,1.5187172603748766
0.5790247924073734,0.5551420723802903,1.2878606248941324,1.5037261843441676
0.5317379808866065,0.524063431945602,1.4476385706975958,1.6098857162948728
0.6168691103369848,0.6102495839169024,1.258340442880137,1.4937565062369436
0.5611297271281744,0.5466413003035652,1.3219932967363464,1.4001930954846082
0.5690932341618544,0.5391349043603207,1.3207393316445009,1.718230125726463
0.5535360876502831,0.5251910894323727,1.2870649293110057,1.6826288122607775
0.5553580872381129,0.534930871681648,1.3065537938425809,1.6149408365665208
0.538280323061595,0.48503522814483035,1.2435216493446468,1.465349202697266
0.5651522718467669,0.5147750406677679,1.0885247652654,1.3689651254530306
0.5185406007637225,0.4742106690499178,1.4253353453004425,1.8080706106198121
0.5120440339345218,0.4803013056381566,1.0049495320650301,1.1316805189294639
0.5255949090734227,0.48073426065765795,1.1659163615023334,1.4634192068641816
0.5889324234053372,0.579927251337676,1.2871876901312675,1.5831978397509272
0.5557058776737467,0.5337282374317439,1.377669919744584,1.9096541571863805
0.5570901952655162,0.5441860302637429,1.373840568990295,1.6803332965692792
0.5451048901766186,0.5115824911160242,1.0829730407242635,1.2835000108735761
0.5704877328317266,0.5553185116690065,1.2948317353089778,1.5804572710536953
0.5359140817365128,0.49075267096200886,1.1011556665130686,1.3719593146478417
0.5449471602108221,0.5252603485316307,1.1806492453630264,1.4277035278898889
0.5685606291748262,0.4955276384225096,1.0166183405750664,0.9851979621028524
0.559230694321309,0.5373727505278586,1.3133616032860578,1.566524263666651
0.5669849184992778,0.5321073177992511,1.214549074293287,1.5527202009979604
0.5575072247764069,0.5106959706668585,1.1387134404004844,1.4006246756077299
0.6079729309250436,0.6261808298389058,1.4151786725625803,1.6252045572543905
0.5528562598432305,0.5623917569163687,1.1035140991727217,1.3228832776862258
0.5591646591066669,0.5238480332997295,1.0237993576635862,1.35010271157219
0.5541992028034272,0.51572912762146,1.149227884957674,1.4878615986168482
0.5689342222838006,0.5526002885548786,1.294970007743872,1.6640044059074572
0.5463955350370387,0.5389028486580835,1.2012075372155324,1.7668472364789376
0.5606067722463177,0.5272563483137838,1.052107757912397,1.2668754579101733
0.5955629447833335,0.5673412284578221,0.9790257058449928,1.1524155923926243
0.5395451714329457,0.495344710237767,1.0835672602863091,1.313265230049919
0.5645631602805403,0.5269443350190585,1.3292353005188884,1.6356127276094234
0.5888777675398145,0.553063386558179,0.9245244162862865,1.0853037829826113
0.5699237732293239,0.5706302692558437,1.065473393373457,1.1620474712474052
0.5503961245476842,0.513097887052481,1.0487654717495094,1.2893882464934665
0.5503584794010588,0.5407078404395941,0.9867032956327345,1.1305399809863106
0.5947192234323995,0.5562597486665043,1.0066730837255278,1.0474890143339834
0.5726715041801667,0.5601786791169967,0.8713295175260738,1.0771518369538988
0.5794342557085091,0.5689223761550808,1.1163253316089166,1.423169531684874
0.6088793633561133,0.5808566819800055,1.0179232647959044,1.2372082455556475
0.5677464872425847,0.5228709132490529,1.0889153635187017,1.2759890742661775
0.5414004190037167,0.5112184373881277,0.8908488136118559,1.0026645391036737
0.5732005774697889,0.5574760710984131,1.1850907186394344,1.373446364085063
0.5656027468662419,0.5177996464325479,0.941682259890217,1.1326987990611683
0.5547838380126675,0.5461606172634127,1.0010577076749028,1.1022871554232552
0.5830878649392401,0.6030467125381543,1.039326205080552,1.2531459985725915
0.5766600464399895,0.5400901571587723,1.0650043931822666,1.3043382995543094
0.5639423945854427,0.5341246407187142,0.9502614868173639,1.0568047075043767
0.5575612921260465,0.5586448181967794,1.0947193305805978,1.4582167294965895
0.5596349561395713,0.5338300963833644,0.8226665987560604,1.08657625567924
0.5757688395598793,0.5648348309306886,0.8927771095077972,0.8776098297872031
0.5426382604524791,0.5015946686062809,1.011862703989551,1.3531762677152983
0.5753946106861654,0.5064083789528692,1.0694940305912433,1.4353517784435104
0.611956031253531,0.570870698428116,0.8925482458443483,1.21631768778155
0.5607332569425981,0.5462330915101115,0.8542060430316117,1.083896498386759
0.5746686596261285,0.5479460714497522,0.8585690037787012,1.0086514931582053
0.5763864909511901,0.5455716366255826,0.9993271558404367,1.2166739667285213
0.5641446918894524,0.5287135496607251,0.9817785206875982,1.16752912493281
0.5856563324813486,0.5363125047701942,0.9230051722993325,0.9641068794139928
0.5791595315633684,0.6475259639547768,0.9131763079067183,1.1699870962333385
0.5805729707855415,0.5791750543737664,1.004228247852721,1.2555224085765904
0.5824806310684922,0.5750769473069302,0.9464780739423129,1.132310125974625
0.5882354051598545,0.5947766343821747,0.8887121925580731,1.0155365584315796
0.5832585421916385,0.5354481107177925,0.9926312878319986,1.1917547725301167
0.5929603486281829,0.5740567024779942,0.9260175351822314,1.1909238187666442
0.5746545724946867,0.558556424168796,0.822156087474232,0.9428804364741378
0.5822221299632442,0.5748549101115633,0.8931006576526032,1.0595645477981765
0.6123020048673669,0.5912487732347144,0.8688502314544972,1.1409003952316368
0.5892953069949575,0.5121941548866094,1.1224120507030246,1.1258389352281375
0.5868005228489896,0.5231957120791372,0.9068706768787311,1.1686713933304287
0.5823148680254155,0.545618448145403,0.9477114096026809,1.1457798690521614
0.5530576029150969,0.5095390371110468,0.895832479169169,0.9914549266573858
0.5606633030510825,0.5127294870080739,0.809029323412135,0.9063163933484268
0.5699825574775741,0.5626868231480993,0.6830788440014364,0.8458319464941371
0.5788112427054499,0.5704915428959115,0.7392634928520203,0.9072576042096215
0.5825836647812059,0.5340062150949628,0.7792538161688123,1.0403445629034003
0.5630101738870137,0.5278691163312478,1.101305713190865,1.3451767804010453
0.6122136716091214,0.5729733179026966,0.9770542282809938,0.9848476576819666
0.6019648843843335,0.5934368493642144,0.873842902253503,1.0300655308603717
0.5759992113217658,0.5211913224901397,0.9819703372078036,1.2607205845507983
0.5949476090964757,0.5865760900423379,0.8101964216593762,1.0695714932604672
0.5834457765711156,0.5341196336322697,0.8199877863467291,1.0609168356750802
0.5865099941616074,0.5323004327161475,0.9009531080548853,1.307612804939719
0.6249898037719189,0.5735116625718003,0.8745192822167036,1.224487829792248
0.5767615504089798,0.5414914641138239,0.7297763409715128,0.918104704507326
0.5848251471188173,0.5518086824803365,0.8077986525184004,1.0411060623122914
0.5869047307002936,0.5643134805427249,0.8749087763203653,0.9959247368989033
0.5842583931620646,0.5593732786980935,0.8871302106847172,0.937487351391311
0.6202792510509637,0.6190281091001093,0.869175118433779,1.0869086910452048
0.5706015331136718,0.5422077561345741,0.9137102517247786,1.1018732046587114
0.5905192551679322,0.5601655953954165,0.884385266764899,0.9801065652926544
0.6028884580826488,0.5623948241984161,0.9411254939326907,1.1614850740630722
0.5859674360647891,0.5462706598161834,0.8349575016345003,1.0509466643393388
0.6355178361157507,0.5965446767551265,0.6032277343449932,0.7186124219543077
0.5646987568824436,0.49896325071743136,0.711405529475222,0.8449870321932986
0.5836191309372626,0.5640219289251038,0.8015068984435773,0.8672966730553595
0.6225893466333886,0.5656353365969119,0.6811273508492488,0.7324098835805118
0.5643248804871932,0.48270742379780335,0.8229013834205179,1.070136497745553
0.5838575306270691,0.579319016154535,0.6114141414503121,0.761891692353557
0.5810580460896297,0.5596125615957956,0.7055822924897862,0.9204402274046362
0.568461613272548,0.545426112197351,0.6449108506813923,0.8932613639331943
0.5598374936178119,0.5527322850617195,0.8942719154824426,1.1281598175796541
0.5839848442952943,0.533685891715773,0.9302961734147169,1.079566778158422
0.5684476367392238,0.5591481315161271,0.868251492090647,1.1074560735302934
0.5900247971571517,0.575982852495593,0.8084556036321153,0.9080741194419968
0.6087016752331214,0.6062153547066091,0.8553625619790615,0.9377894780536978
0.5693276361951781,0.5699181580303345,0.9645878249353509,1.0283296762397445
0.6196732418276579,0.554171497394639,0.6199615675859339,0.8624045357994097
0.6303957416992341,0.6272749011403869,0.7065439772678387,0.6619681217350961
0.6096900998708681,0.5731819275275808,0.772312876806672,0.8916958684729251
0.5835619245165385,0.5586191453811663,0.6544550420502695,0.8579472912302963
0.5855912142164127,0.5620597579788091,0.6920174498755624,0.7691201993445046
0.5953398032042311,0.5580036675142727,0.521519781460752,0.6637969310291029
0.6359417410201786,0.591902837360531,0.7265827220376011,0.8748484455148353
0.5774758534962713,0.5435279374048111,0.6383339010216416,0.7741256786631762
0.6429630011342676,0.5923415352138943,0.9422189964626336,1.0479919697499283
0.5827452494738974,0.587255057790856,0.674032255411724,0.7480337007298424
0.6160132006877904,0.5683803356988185,0.9459241684492964,1.141107068589387
0.5766328065096697,0.5575853778903738,0.681273923169291,0.6593721770706926
0.5786951425611742,0.540759757826356,0.6529868439296066,0.8782262564913333
0.6076398211748621,0.5715934879178599,0.753405435543462,0.7347238234967669
0.5931012165569494,0.600733352669179,0.7360386297863986,0.9722081675610533
0.6050303950376016,0.5490300170556504,0.5589380604811,0.7107146323527624
0.6070154166796217,0.5909371939504283,0.6869198388463693,0.9574968951035061
0.5930268926735992,0.5441480945504652,0.6909118624798548,0.6915995265774576
0.618920567198341,0.6069473208260623,0.9259671810039158,1.2497746169012787
0.595198682464137,0.5542247504451754,0.8112095121766021,0.9357156372936037
0.5914758986756826,0.5615537670536129,0.6219748990590267,0.8961611543108712
0.6077400556046503,0.5691983495588047,0.5688120392799201,0.7294031716393529
0.6114353694055259,0.5869468983701155,0.7184355336447245,0.8537143792366433
0.602588562200144,0.5402378135324493,0.5819407910255716,0.7337944877033262
0.6205639333125877,0.5724397003838579,0.6544818168997572,0.7858162435590824
0.6331875829823556,0.58662074658886,0.8168834859475238,0.8738586235036394
0.5927422124520644,0.5584086118886775,0.6577271879976931,0.773275221976757
0.6162200987137939,0.5789760463428547,0.49199649266799544,0.6571930556900912
0.5944093398154328,0.5397067918899636,0.6460960160881319,0.8728970643118847
0.6399522776016056,0.617772135105603,0.792494921398925,0.7852806577509606
0.6120223583664535,0.571395529729239,0.644337428123311,0.7211909212890965
0.5975943042618149,0.5778466490785915,0.782705945711484,0.9928595428257682
0.5878525463139874,0.5395532712750114,0.6000512228600332,0.7075530343727295
0.6038881322294585,0.5638602827366963,0.5898860832475195,0.6533247390687056
0.6235938434065709,0.565800967047764,0.5938260297818332,0.7512726589019061
0.6075542590770219,0.5836804936196379,0.49848817501995,0.6410657004280451
0.624862291507291,0.5991256288026906,0.6295029146581299,0.7848043972771199
0.6404688466316852,0.5974091947099547,0.5816310397045983,0.697526345967991
0.5824187004628769,0.5278491676220656,0.4658961845269318,0.6107687787044006
0.6126350678862064,0.5815488595259878,0.577218797009638,0.7524141543989566
0.6190994408995022,0.5880878187727228,0.670065088370307,0.7056561106855077
0.5862541354670742,0.525302424577762,0.4186145719621135,0.6558613752437357
0.648233305286416,0.6092690689562539,0.5597489580554441,0.6386262172318118
0.5771774679647341,0.5675759048216575,0.5958945529908631,0.7661737133590387
0.5970966560798439,0.5867390295329054,0.5143823606072185,0.7749660027436635
0.6058415406505897,0.6068713197282221,0.5581054008675927,0.5959156692217858
0.5871762328760095,0.566646964246341,0.5641118516526407,0.5726603063296201
0.6029076271231576,0.5761529983537457,0.5325410568182612,0.7339714893626289
0.6188137005945874,0.5751740093195588,0.5462254632529414,0.5179732824389159
0.6257665245037557,0.5606992988448976,0.5701155178020089,0.8245785419782689
0.5700317088106898,0.5368052293049902,0.44986067985607847,0.4971348058230716
0.6020872474105933,0.5516006220912957,0.6247760481486067,0.7926767358797374
0.5855488460780676,0.5522902309671202,0.3865210486017385,0.42317675189409676
0.6533681484454066,0.6352236901287527,0.7440490921808568,0.8957011545995918
0.6112136824129679,0.5717396009330531,0.7145351496819776,0.8493591059456972
0.6000336686079161,0.5534886080662925,0.7883432574091824,1.162846805279186
0.6354868463282454,0.5868970262600773,0.7318032275962396,0.7795495753512547
0.6336979502361786,0.5601046378650668,0.6890978461379401,0.8364123185519079
0.635162050370788,0.6183954938164594,0.542294693437705,0.5609159162020836
0.6193861101502557,0.6006750654871289,0.6383314102459146,0.944094806088476
0.6347455446241318,0.6041005821629709,0.4849117738116464,0.5152290833534693
0.6413590680742197,0.6039400092359847,0.32545400460527985,0.1
0.6502526400876466,0.6146225553247977,0.4042221766520049,0.475634774747617
0.6309809098529655,0.5726101867624481,0.8690320128083968,1.1868743145841492
0.622419460745109,0.6013808595716872,0.434091311764539,0.6089633353959624
0.6264423876137473,0.5977844394257642,0.5278070166558366,0.7385979743553379
0.5644102720181177,0.5266862149943895,0.5145243341597171,0.6332938086480272
0.6252190364924602,0.5916233429910053,0.5603913693245836,0.5503279845256044
0.6486213729736724,0.6211693290936339,0.46700899090344944,0.6004442919945651
0.5929740567277408,0.5602661397482286,0.6215683017699328,0.644470247296785
0.5822360919298204,0.5511278606791655,0.37988699517045854,0.4610827354211399
0.6283325931074534,0.5825179971180009,0.5020058205456043,0.6678536913017024
0.593345143474213,0.5637163381417398,0.4944383963115903,0.6357419081043713
0.6362027555836384,0.6136904752609071,0.5752421625186159,0.614399060432829
0.6146041644047944,0.5795802498475139,0.4629989475085529,0.6464840651367112
0.6006581805076926,0.5664435428319327,0.5404107426727905,0.6750339927691801
0.6171011458309917,0.61795914494802,0.5368058823882282,0.6924064100458109
0.6329982129563915,0.6170443893458216,0.4208883663412472,0.5747243118822686
0.6837751215923047,0.6754263820754971,0.5448407975412455,0.48911248370856686
0.6368931546979397,0.6266076398779393,0.6954290612842787,0.7188500548686503
0.614989827191175,0.5704919726039616,0.5852100434215883,0.7165216642615985
0.6107007233937284,0.6174265990393037,0.4659086836591744,0.4845078488298441
0.6335404911237507,0.6020059976801383,0.5076508216865209,0.6145990332139951
0.6305726191275359,0.592843386733282,0.49102752144354556,0.6716152611509258
0.6025647349647464,0.5673889370582115,0.5573349095907919,0.5799467537297914
0.6508593942243875,0.5894324002225808,0.4683140314579416,0.36578040822808877
0.6278945155882794,0.5868145803686162,0.45141531477208685,0.5518012117798617
0.6024829216588548,0.587707466939405,0.5107774114631924,0.6338913208658016
0.6185569663855959,0.5920608871204253,0.41694855228976296,0.6386226005284362
0.6291676388616465,0.6175966766067971,0.48597915646147677,0.5493348972023153
0.6055718719284128,0.5809778693902159,0.48297774461735266,0.7488892716375171
0.629431866653499,0.5967572073935229,0.6926289133265354,0.9663058470715203
0.5955510486371624,0.5663271371885439,0.5842770236266863,0.6300583399496404
0.6073579206372218,0.5823429011149465,0.48914968383747087,0.5871599913966414
0.6166909229304709,0.5980223700190447,0.4824536866124594,0.5313179463978619
0.6436630573334956,0.6381112423613309,0.40476499090424134,0.6141734467791372
0.6440106321847354,0.6516218502120635,0.43852178786270923,0.46662445825774107
0.6147190118401994,0.6147728040996353,0.4966155928406388,0.8213776641414661
0.5851868924781315,0.591931451213308,0.4516303115456218,0.7223021353469816
0.6194071886798636,0.6039802853203715,0.4376355826561756,0.3677680868704869
0.6093815261113177,0.5841364865665091,0.4203076837822511,0.6009638032567726
0.6419541057820656,0.6037825419589489,0.3326350131311282,0.21666185797485873
0.5718180489948751,0.5391464340852573,0.4352396651823028,0.5202617524051466
0.6430362392246923,0.627413851562057,0.4275031972470163,0.5400191695873537
0.6618082631033355,0.6586970727252042,0.5558044162904762,0.6532110289760894
0.5999406399524856,0.5549112412321087,0.309923565532936,0.5810017447756731
0.6224012801947444,0.6125212813517065,0.3523762894052771,0.4574047588190736
0.6367024417580535,0.5774779032913536,0.4072991501891927,0.4782733594475597
0.6495985983138375,0.6135557997267669,0.49941379896607174,0.4604851084396988
0.6307472137596397,0.6266332176118588,0.42219022122253486,0.44853796359835596
0.6000883370533925,0.5533857902693224,0.5700457685303659,0.5419951093412394
0.6538945006934235,0.6274608742681889,0.30626484865150944,0.3083770739700946
0.6296200509190937,0.605668693329266,0.5238916290406217,0.5405115212068876
0.607386679638987,0.5911986386880022,0.36078342687031717,0.3920796353331048
0.6325800157251147,0.5775775674847481,0.5960110632951565,0.7880110165957954
0.6065840332065551,0.5831208437941825,0.41451928795430465,0.49574451605185915
0.6714472358121389,0.6043183570371602,0.4101045035489576,0.4290491193793881
0.6289670171364272,0.6046339763566726,0.28809837505996605,0.27390290631422076
0.6480731823316168,0.6308789562052596,0.4327786847852557,0.3376991755237796
0.6874768263860748,0.6577569852364398,0.567714181231938,0.7215424618400456
0.6626608587773003,0.6537028748994496,0.4352189773824436,0.44527721575570234
0.6385816054743885,0.596552939947765,0.45037147986204273,0.6157898380895438
0.6043030409426756,0.5682714243498522,0.3062285262200277,0.42824406018072925
0.6166219110427398,0.5809480609494223,0.45729359428213723,0.48008123900463345
0.6331209110669507,0.632087395187367,0.45021955562835503,0.6202955770560089
0.6447592353476818,0.6414403752043416,0.3689930793846215,0.5194686185792015
0.6649959615003078,0.6587269604412027,0.47558183143183186,0.6467635530149297
0.6382156007114091,0.6043827071634529,0.4131759371645263,0.4258776204545752
0.6329343547192101,0.5757712580239202,0.22796913896083978,0.32134911989459736
0.6495926417132893,0.6297899864524835,0.45040877380055533,0.47599236314529314
0.6543654600115201,0.598189608996082,0.4734512711217842,0.6511677609958398
0.6498451632371005,0.6230574767563624,0.35271996558961904,0.5089723125501845
0.6434904749258109,0.6066527261611077,0.5901205781940623,0.6660165263744183
0.6224564033393203,0.5828910719373033,0.41935262810752055,0.3708679814022685
0.6190828906902598,0.5878080883901712,0.20409324460884676,0.23322098487209875
0.6307468429935992,0.5856958691629576,0.37569167887385296,0.49992210723487285
0.6334350375518392,0.5857501604333442,0.4449537920163763,0.32165142010884973
0.6225477246216847,0.6057689359402545,0.5482330750075479,0.6024328920066259
0.6732406672292235,0.6225185045123972,0.19730010213745378,0.395557600214239
0.669708265734549,0.628956911646824,0.4682143146087436,0.7091975413761612
0.6196291491507708,0.5768833074422555,0.2717888280214582,0.3905804005250487
0.6316673220023941,0.5747655855535854,0.2222890659893351,0.42371233060784963
0.6363358589715307,0.5971479254795974,0.4773571536749956,0.37729820163406114
0.6275582495896288,0.563087183211649,0.16628650459160058,0.2098193530407835
0.6876909124932472,0.6788100160168365,0.3853034008057604,0.34980875293219943
0.6464046625161681,0.6003647572736717,0.2514573152950066,0.3630104226332875
0.6605550686094395,0.6337793839442128,0.3890181845881733,0.4754416190632908
0.6369680029289069,0.6083530748999694,0.2668778670377377,0.29273949572758406
0.6369770717695316,0.6122120791277873,0.3655434837602474,0.38184230430601857
0.6744106849077838,0.630216398694527,0.24948019809972688,0.44357784999535543
0.640129193390221,0.6021299478449476,0.3488734511559733,0.42714331353305124
0.6384447272542759,0.5791526895592175,0.36173480211188047,0.718977183162234
0.6571750880471439,0.6134792902550843,0.4921465004110148,0.6687881772055854
0.6192809108611356,0.6092305840306003,0.39264250989792165,0.45432449005581477
0.6321722261659601,0.5758411834232089,0.2499532924897574,0.39020809777956034
0.657341724321738,0.6186230645635041,0.32085833099088706,0.30930869292340407
0.6607774770661403,0.610415499001049,0.3119657327916182,0.2689858262374183
0.6154436804035447,0.5867156276257351,0.4467868833093878,0.39611965333586596
0.6505407158938269,0.644179274462083,0.4716994932691557,0.6306081564060378
0.6276982635008191,0.5931704216521699,0.3301059624217635,0.35095675171380447
0.6603763577695343,0.6437381676047144,0.2691672794807207,0.40960921321641913
0.6379979284695371,0.5934723784529434,0.20937223203152946,0.3238132412228784
0.6363142493646725,0.6244109538990489,0.3862122300074437,0.43009210424885513
0.6710470112229189,0.6304673164379513,0.4197319112460197,0.37749806937918917
0.6620658594734706,0.6360066165532334,0.27614899245369023,0.34883497316894896
0.6448784290642678,0.6179766945855266,0.28629827488326187,0.3694781249237856
0.6772672759167051,0.5952992589565691,0.33184479609204237,0.5065605631978416
0.6331078128085529,0.6247033859002041,0.41206108242548106,0.43614677278461095
0.6427234547012198,0.5902401012488161,0.32259543957904935,0.3866938683190464
0.6632273429641327,0.6374481011200518,0.32525951891973937,0.42525997251805614
0.6523029353090655,0.6402530964211574,0.4069238984482604,0.696887962724633
0.6246300623571401,0.572649620309597,0.22749679658240832,0.2097061971896304
0.6661911818628967,0.6251742690101215,0.3227779801600146,0.372498016048265
0.6795520758195053,0.6403869625757606,0.4410124576568914,0.5494568539058735
0.6643560538324857,0.6136910804033417,0.36304124076903244,0.38306923632969203
0.66328463462068,0.643001999068834,0.21481698660331927,0.12723498128000155
0.6881253504142499,0.6795165971140015,0.2668129758169817,0.2821698120969809
0.6188879462172723,0.5934409054832909,0.27888757159737515,0.4061686643233903
0.6550434346109306,0.6203207874278873,0.29258908159876795,0.38290150943755913
0.6767278900197989,0.6893535255292318,0.29017370593083885,0.4701988034807119
0.6530332038570554,0.6223887927997084,0.1819819760614596,0.20530641222515164
0.6828037055481817,0.671480765367295,0.3413280810804783,0.5418024090912613
0.6061769533818283,0.5636372116566002,0.32975655397648596,0.5667706920933258
0.6542556879172909,0.6484614096831116,0.3199517930831312,0.3292995203282763
0.6545056967472189,0.6458768783070324,0.1744458552896675,0.39722287416948976
0.6609382836292919,0.6423419720289462,0.1,0.21177493922618687
0.6663709548642227,0.5987910866877734,0.30113241407995145,0.31622000171676207
0.665802493585726,0.6042663479853904,0.20935991577609447,0.14614334954475694
0.6731036549686681,0.6240381891173744,0.3250558489514548,0.2771641316324234
0.6686443627679821,0.6083887368872644,0.33626375895130056,0.4705582749168438
0.6621852635362491,0.6614339139352827,0.403642351020656,0.61157847664851
0.6764131446190811,0.645274129049,0.46778636492495995,0.4140509646866214
0.6359891935207954,0.5889189328285939,0.19954020306301729,0.3912604790581488
0.649853253830646,0.6240635720720603,0.2009261562050796,0.23898373333111977
0.6751643876857818,0.6370885332582537,0.41647636059013526,0.4066746205198092
0.6564313479997751,0.6101991028255029,0.2365659083901666,0.313149274225278
0.6812381756107497,0.6694754916825384,0.32040540835176834,0.2540088220719702
0.7027724667870032,0.6892725680671858,0.35202971579186404,0.4751617047748687
0.6488272221078144,0.6432622082637036,0.2879869412692786,0.3605588800123213
0.6918517981843412,0.6716925491195056,0.18957383801814787,0.3478488540215773
0.6606248346121109,0.6212644593114937,0.18828817800881345,0.30847799052154273
0.6143865859714814,0.5711433377693047,0.20655973123394822,0.16671367932069828
0.6328357996610825,0.5872117980112674,0.19536409595717574,0.27984796158621694
0.6738117018544089,0.6476488146640438,0.46563873514701415,0.5423478698889974
0.6851542092067351,0.6827981461493386,0.1,0.152641634126935
0.6816601955310845,0.6497614134278,0.2599435750757591,0.3651314307387584
0.6627470006393881,0.6301935525317104,0.4243299924941839,0.3854413578718327
0.6823163126040699,0.6807490946032702,0.25812450689356886,0.3615825047689806
0.6438274681581024,0.6017762027527954,0.15804408516368207,0.20928218156965683
0.6455397089706355,0.6315759258267489,0.14372128184979893,0.2633759935284824
0.6792782811755522,0.6611666290347794,0.14624326753618366,0.1
0.6954860268032963,0.6522553879582093,0.3344781212019053,0.5388718007392195
0.6660147072349416,0.6257200645086776,0.3419925616632423,0.3497010961957798
0.6864631444072994,0.6721785475499501,0.3049024322800229,0.18447680115189966
0.7021606407847596,0.6780688496453852,0.41943552127456385,0.7082302956505909
0.6911473124743874,0.7022857514539451,0.19544422975284056,0.18296516445255226
0.7178635998190427,0.681510613426785,0.26239572271660216,0.37128395154413296
0.6452491934757535,0.6138396518897826,0.3112361762801337,0.3738309885872082
0.6721676358123668,0.6138533160806959,0.2593603749024713,0.2701703510926056
0.6889056563560152,0.6340166972193773,0.40403645970456514,0.5183094336319831
0.6699723359410198,0.6511759153524748,0.2857004515784568,0.20741798127757038
0.726129372147833,0.686452345538863,0.3164873625031584,0.412969462501666
0.6581230203728446,0.5856831527051073,0.33072186828727684,0.38438398081689146
0.6717958207552336,0.6406941092319686,0.4131135546768932,0.5498527686854385
0.661092505306731,0.5922947091184867,0.1,0.1
0.6530171509808042,0.6445591430356324,0.27890800070992844,0.1961884245132784
0.6733472183595935,0.6346681133315564,0.1,0.1
0.6586372466844727,0.6422092195512116,0.18277413900220382,0.2989149371799952
0.6585189162003424,0.6428137092968663,0.15015685507181653,0.1
0.6735540359333316,0.6507864758327472,0.37147274365858374,0.45930216942895097
0.7100843611650876,0.658543461340833,0.20367062222800214,0.19596994174450222
0.6342829599554642,0.613616492537435,0.25975007172121295,0.3703256586892181
0.6619095888362434,0.6196246894174601,0.2802554526025414,0.46775600740852813
0.689998033023509,0.6534935645993243,0.26638094710272525,0.3822699921983437
0.6579281495588837,0.6066848755987662,0.267544817160325,0.32158853214358263
0.6662731364400811,0.6326355744155856,0.1451640364672836,0.1354206628194533
0.6844419433060525,0.6519160502974974,0.11941498760672342,0.11924932209461052
0.6800072984014879,0.6035884093958689,0.18865112734652695,0.21237712329717162
0.6565155337063733,0.64523956437696,0.28825858240626523,0.3042601203581656
0.7117144552502912,0.6877179777614999,0.2560700483410776,0.39611243507270566
0.7298414661250644,0.6917034492516815,0.25381722642890703,0.3376136110966984
0.6690150935341103,0.6509147706353794,0.26477177970284727,0.2187063720880108
0.6311243862211601,0.5722728672805768,0.1,0.14842580233937466
0.6900804776221416,0.6569889966608572,0.22148499879857209,0.15133902353313838
0.6758949246512759,0.6398475921420221,0.2072274971570615,0.31786393034510746
0.6773826746095131,0.6374310399106735,0.1,0.1
0.6797070940881302,0.6463596912798351,0.30012519085450884,0.2730636357599836
0.7244298663669813,0.7174593278079695,0.23606742441920248,0.20117459421721773
0.6904385144972263,0.6465629564498712,0.10527058078546934,0.11647705540563942
0.6908473079959464,0.6669217948174364,0.2522425382672911,0.3360573850903577
0.6636500089102935,0.6267726302048041,0.1,0.24893505023752135
0.6833964559436769,0.6565628285004789,0.2925519637833402,0.32228109243543857
0.6779796103102418,0.6360609356144024,0.3058275100293244,0.26524305344865906
0.6606918909912832,0.6002510400706773,0.16417957628613947,0.3743789802244539
0.698270471331792,0.6472107871475751,0.1703706571384987,0.13127846775868773
0.6914691904551382,0.6644249976265258,0.11501617809481511,0.24058473575997957
0.6954591853080402,0.6725604469868638,0.3466917073746192,0.3535266933133523
0.7105321620671582,0.6565558991214042,0.2697227983289487,0.2657930498974977
0.7066422215196437,0.7122404214877261,0.1,0.1600303297381389
0.6818437752611991,0.64854484744285,0.1541468818428307,0.2076338960228048
0.6742865466546553,0.6359936910636899,0.2963851505127998,0.2525961011349232
0.7057791068352405,0.6752703059773962,0.18803244244029435,0.12388773012576697
0.6755638533441776,0.6367097707808491,0.19001678482884715,0.17513048278393156
0.6601884134845462,0.6245650837387684,0.20677133313088947,0.18293651027554328
0.7027978089439427,0.6698986851176049,0.1,0.2129133312651305
0.6916129317335709,0.65851121348218,0.38263634722162104,0.5105771431015892
0.6860553597858077,0.648238828645372,0.1,0.1
0.7060042385606605,0.6884592569897007,0.16728359181312674,0.2935962393130751
0.6915585504729332,0.6447309154385961,0.1,0.1
0.6842050547889907,0.6319213676502934,0.14635518451358392,0.1127247528214221
0.6754577989519429,0.6682455648967295,0.1,0.1
0.676606182356405,0.6773962896760665,0.19895041973054262,0.17841491353892597
0.6687885401922053,0.6352313660053471,0.21181275164515675,0.21337835253182805
0.6633602232759499,0.645940658725608,0.1,0.15678339157671423
0.6937689702138983,0.6689269862585734,0.22574404584153795,0.3818942824428722
0.6863670072569459,0.6625325654311361,0.1059294600482488,0.1
0.671479265391162,0.6709329404404476,0.16801283165090444,0.21009516636452216
0.6863522581870498,0.6718593758008066,0.27430465972342677,0.3448147948178776
0.7023446224030959,0.670865170175901,0.1,0.11101300657848934
0.6947059678721192,0.6757480196056038,0.1,0.23421591154371757
0.7081610796594018,0.6863361792446233,0.18575295028606392,0.1467245450724482
0.6831243881358047,0.6783590832131623,0.163176641959839,0.20834400787873647
0.66924334647858,0.638234233344147,0.2636335561219321,0.3421409213212013
0.6967142066599111,0.6644830231860523,0.21545147812752258,0.28550852290021395
0.6814996620416884,0.6257379522597013,0.14606606426735855,0.20542591799846108
0.6812722701354961,0.6400482084263699,0.20118028947539415,0.2636682611412058
0.6907119215140903,0.6657139613352813,0.2218323654676117,0.16972886234059342
0.6941957684499527,0.6675731373286808,0.1,0.1
0.709840445548339,0.6752085218922135,0.15078988127615256,0.11877827788839582
0.6757011313666559,0.6587150263106792,0.12612390394673165,0.1
0.7051898009513913,0.6635339431405884,0.22249023643217963,0.17749187832577012
0.665609408430384,0.6242482155682562,0.43301336014834674,0.42950022080960787
0.6781024473737135,0.6241742819269412,0.1553742456356448,0.1
0.6927289521799399,0.642264160896383,0.16473303024439256,0.3230901625548004
0.6952315786589719,0.6794841468789059,0.20051021826762558,0.32364213935315533
0.6543993247232871,0.5933173445800592,0.18979257888710077,0.2459501829853858
0.6827298858879999,0.6761472019813527,0.20035084243517606,0.13044566692396023
0.6773521932964618,0.6525826963675778,0.27475156214533364,0.40037171712930186
0.7207051524010739,0.688720668191082,0.1,0.26851262795484676
0.6666503354227833,0.6041238914676136,0.1686587329697024,0.14127421099331156
0.6876388713896873,0.6719661039280532,0.18148312407739473,0.25760118474549737
0.712464870403331,0.6907443361659494,0.1,0.19854854169887706
0.7162824516836852,0.6863166849137562,0.2740193053500094,0.5156195967337579
0.6858879268183881,0.6390166319200971,0.1,0.1
0.72390652070323,0.6785741977333362,0.31754911840414524,0.43863883785170255
0.7086623293533344,0.6715156823072711,0.1,0.24100669209433673
0.7106966292769716,0.6706168118913609,0.1,0.26964065370555695
0.668978305519247,0.6316156160091709,0.1,0.12002472409474155
0.7076296139330539,0.7126969379733179,0.16594799188130407,0.1305548201840136
0.7066543695981441,0.6714716078490578,0.35303842010374276,0.354979325412046
0.7254770438688936,0.6861293873348894,0.20370209146039245,0.27787427193046377
0.7180369346130316,0.705190561211002,0.2281907510327274,0.25429012636215126
0.6775930168295702,0.6524467041870033,0.3313253385268118,0.3032668126493548
0.6813621529255512,0.6302650987455719,0.19535673007144688,0.2275367451311062
0.7120701447755821,0.6646211998137439,0.269112478285144,0.2692072900762498
0.6768678630080446,0.6193379817668805,0.1,0.2895239780701526
0.6973056638136851,0.6632758147878942,0.1,0.11247135146566292
0.7033508442122276,0.7122753300948117,0.11592829795779062,0.11038669794444517
0.7241931386325245,0.656329666705603,0.1,0.16284095393523723
0.6854517651539144,0.684140081550899,0.2734897458319637,0.4556394710492915
0.7218029854469129,0.6381476185948382,0.1,0.12226688396033544
0.7003700533609469,0.7028567915363384,0.1,0.1
0.6895971635275284,0.6512391613891406,0.1,0.2670801193229596
0.6797140229707118,0.6496683521133392,0.26244988380129997,0.3689441263211213
0.7438585004907199,0.7342434485087833,0.29702008221451304,0.47465115401972485
0.7271484246120078,0.654578186372573,0.21118382483088555,0.460406276299556
0.6976556918013943,0.6964582063267348,0.19227883390506462,0.12718836539957423
0.7366587945994902,0.6914520118731042,0.21612194212450514,0.11236749241220448
0.684565340425141,0.6434236396785894,0.20567433968892596,0.3069216750680315
0.7142899980918005,0.6628614055748134,0.1,0.1
0.6914011251950204,0.6326964033989453,0.2559006379210555,0.46912529262719443
0.7376613486237268,0.6763284944439018,0.27938758080565246,0.4001861602066802
0.7133400836075399,0.6727073112293189,0.1,0.1
0.6743473367175699,0.6634918059246687,0.12731682241992434,0.1
0.6908402202900903,0.6664993692811247,0.1,0.34883558324169606
0.7062770067534132,0.682414865004116,0.18841244948456393,0.2509105911423387
0.7220490483105482,0.6868248603120073,0.20059265266669973,0.26059992021479406
0.6737867517002551,0.6672723578876131,0.15461418487173917,0.346339454183193
0.6907507293991096,0.6793493336992029,0.1,0.10914522788104124
0.6902120277180505,0.619613566427823,0.10423716977728648,0.33855530441447745
0.7280320529066531,0.6790418320185411,0.12848539531580574,0.1
0.7276793666647519,0.6823595900126075,0.10470320867647959,0.11509967384795135
0.7199044875607427,0.6979857442125748,0.2188323728795289,0.23439617711411562
0.7307630905037158,0.6841158289584229,0.20674824963240446,0.19118677699831593
0.7239690009835934,0.6311636775511091,0.1,0.1857565686006387
0.7192852998279428,0.7150357187335912,0.1,0.1
0.7408020734996174,0.7189622196903889,0.1,0.16953010254630257
0.6849537571703846,0.6170307827039969,0.11292762416613453,0.1
0.681572751076144,0.6709889937776397,0.1,0.1
0.7233747909532093,0.6950508057226747,0.11352527317338813,0.2497262944674261
0.6791467491165459,0.625105274069032,0.1,0.1
0.707954902731229,0.6553899371641427,0.1,0.2740587780731525
0.7168075914625585,0.6735654654573738,0.1717281838783641,0.29976659236766756
0.7205865173451188,0.7082845367121543,0.19573790055313367,0.15793978089035626
0.7197470498272579,0.6755340371079698,0.2888938158306396,0.40484508028637256
0.7206044531097828,0.6851017817826494,0.1396354138096836,0.11838621064664265
0.6875699848647007,0.6487393705346692,0.18161507781621014,0.1
0.7131080182281516,0.6884308326412716,0.27923472145729733,0.26912014479998436
0.7283356756711801,0.6900647593002789,0.16730047594552566,0.1
0.7369842682992517,0.7139462478966014,0.15004074684397656,0.199662127080967
0.716752060244899,0.6648918772300687,0.13532894954056982,0.1
0.7474055549406619,0.7235606687540146,0.13035726952880244,0.14568843982266036
0.7014530320637177,0.7113546069872078,0.3410340961580637,0.41292204229593527
0.7211395427642062,0.6639169581642832,0.17025691616471217,0.20940857526933865
0.7234272052165291,0.6803427399453478,0.1,0.12075841703483023
0.7333093587410978,0.7006252834977978,0.16729938052452928,0.3749566394246654
0.7466978102315048,0.6861413737406139,0.1,0.1
0.7466917906155776,0.6815776359000206,0.1,0.3322141343452971
0.6987695403111449,0.6775121986227073,0.13929873353342234,0.10889249566773365
0.6767368169866987,0.6502915674275483,0.24273591961803778,0.1
0.7037834787444416,0.668574412847726,0.1,0.1
0.7205380741810086,0.6527331546326499,0.1880513199049051,0.10707519568909019
0.7355918078513392,0.7181207170451523,0.2726222352353939,0.23927055573043177
0.7269823696509996,0.7094146512686778,0.21219815656348867,0.1
0.7156981363803666,0.693374851733515,0.2623107035520016,0.35037108614138973
0.7325202632950346,0.7070906365856773,0.2797249565371899,0.16210945247442507
0.7284760495921694,0.7132819343200573,0.21930730391282455,0.1997198722651814
0.7109139177421941,0.665116714123701,0.20865265034795877,0.13360606134848474
0.7210956876828759,0.7022918481972364,0.1914097271001837,0.1
0.7565192060559253,0.7286569462866482,0.24005644836764445,0.37634387378262074
0.6951570862508707,0.6839127866088899,0.20464153548434433,0.17671925372977634
0.721422248954991,0.6739965243734942,0.1,0.15757335657391022
0.6720413468527063,0.6224399855949503,0.14425536099009148,0.13510112564754753
0.7133143408970284,0.6514652439066925,0.1,0.3183890325271833
0.6816479671242054,0.6706704795701203,0.11730797376734406,0.2244052636999891
0.7478429838707702,0.7162963638705684,0.18367754876609804,0.29591771823441354
0.7469281221932563,0.7205559308693955,0.23596958600048262,0.3481817651738661
0.7663940799529034,0.7347920454138959,0.15164332820900323,0.3505837211824543
0.7307191155639098,0.7248494129627943,0.1839548287973195,0.3183546045790076
0.7447197860827849,0.724048689490776,0.1,0.22662295790082027
0.7613304422077907,0.7176415791958018,0.12150535004918124,0.1
0.715749264749232,0.7086887549852015,0.17966747800987803,0.11121819484115396
0.7364881852140197,0.7200244203322835,0.1,0.24176202887996984
0.7369489175018843,0.6954837888994526,0.1,0.1
0.749418912017744,0.7449204919738102,0.12324601540081172,0.14722068904433652
0.7029479729868184,0.6642195151570989,0.1658432465868957,0.2624851424720647
0.7063213623783647,0.6636347250691084,0.16747330986076686,0.3751759025261663
0.7127356275105214,0.6676173942516241,0.14199754941010143,0.2303100441621607
0.7529397176084174,0.6928714149191192,0.1395127566116979,0.20960213953498188
0.7315132759807871,0.6693954626917201,0.21216631254197127,0.1
0.7372261029670311,0.6950994561170597,0.1,0.152127760596602
0.7127473383390392,0.6599862638567231,0.18480397508472918,0.3386134349153732
0.7288233361637952,0.6843408127756783,0.12098465297620452,0.1
0.7489772304617605,0.702132255470393,0.1,0.1
0.724070209804365,0.6730094399808083,0.1,0.1
0.7290006315946914,0.6855588622922597,0.1,0.1
0.7564760533863204,0.709013562532192,0.1,0.1
0.7141893179223147,0.6486594571902762,0.1,0.1
0.7440023689152299,0.7239391439804547,0.1,0.19067792653763876
0.7128779122229989,0.6789239151315225,0.1,0.1
0.7738011536324088,0.731087596102035,0.1,0.14757335123805834
0.7252991267108865,0.689991634407496,0.16591608074586595,0.1
0.6996673316271669,0.6905591268151781,0.11395720164469265,0.3001599695817698
0.7581123641340217,0.7140589807341864,0.13496281962744158,0.15295070708140832
0.725247693663678,0.7174342564106236,0.19386846863531648,0.20859676823044604
0.7568002169206162,0.7550345659661235,0.2258652625202101,0.1486634350281516
0.75680192583928,0.6970007068257301,0.18270295796018174,0.1
0.7474902644722025,0.6722755676869342,0.1,0.3516549184120935
0.728531789957547,0.6968454788390664,0.2301567388407831,0.22595636705461508
0.7165277833305019,0.6697742428346585,0.16616707273697334,0.14407345929613777
0.7393313450541301,0.7018659305814569,0.2305188611464968,0.1901800884447989
0.7569470783377824,0.7359084734905671,0.24120874107772206,0.3142487243602647
0.710393245402245,0.692419636567504,0.1,0.2543506056441046
0.7850515884001732,0.7331364838125386,0.1,0.1476385872897556
0.7556792525721251,0.7030665986958367,0.1,0.1
0.730245538381689,0.6955668205036823,0.1,0.26172761561612756
0.7289402940495593,0.663515967139204,0.24018916137578517,0.23846900224103718
0.7736471854900745,0.7406303476362646,0.22651061907775283,0.318049830975914
0.7219062492469907,0.6776214517002205,0.13612897617172476,0.1
0.7151732434355562,0.690593189491714,0.1,0.13198979854797924
0.755068411020202,0.7368585664928523,0.12903400354921565,0.33225315837292746
0.7641974284394392,0.7335366899757654,0.1,0.1
0.7326800960861388,0.7137963253836386,0.11010290241289902,0.1
0.7281760039634035,0.6795659825031551,0.1,0.26530843530953596
0.729374703108927,0.6967540359740346,0.1,0.12764713604892627
0.7190511525681542,0.6767206032926538,0.1,0.1
0.749688485023993,0.6871054184840686,0.1,0.14872479768113056
0.7690993792467049,0.7340404656471564,0.14317915874467152,0.327825467425505
0.721231456007302,0.6865083499471172,0.1,0.1
0.7295015065053762,0.6562801608641213,0.1,0.11761077859313765
0.7490214055562947,0.7211118348501341,0.1,0.1
0.7473569733530612,0.7113017662527702,0.1,0.1
0.7597383603490911,0.7601732426412012,0.1,0.1
0.7589827884993796,0.6745653640809419,0.3041862995645227,0.1
0.705307294760436,0.6762771796362437,0.26500386281385163,0.33122046060458743
0.7594243011883326,0.7334492575763312,0.1005786120712221,0.14214079985708747
0.7595305466255876,0.7407366862953626,0.16125372891883977,0.17903872031074253
0.7355171794918629,0.6852952944559163,0.23838517831159273,0.39530876929177844
0.7504948877113784,0.7091248509156253,0.13452492253875611,0.1
0.7391831737639876,0.7154648508359178,0.1,0.16610644960823567
0.7476402882724503,0.7326114105169872,0.25529316016731524,0.33217708972780163
0.7797927225573813,0.7345126346073388,0.1,0.1427276569866651
0.7765105989585805,0.7598611390062611,0.21382479016116623,0.15065367970735338
0.72891653760151,0.7061513081446033,0.1,0.21418908668119935
0.7488238008432393,0.7013446860915458,0.1,0.10746877767032904
0.7550022867622574,0.6870326045234398,0.12798307916926396,0.23714824842492493
0.7621503562834765,0.7256501283905255,0.1080867830173324,0.1754058498864098
0.7683299112000123,0.7117579608819272,0.1,0.1502646460199548
0.7936839062406524,0.7918859784478695,0.12319278157994984,0.23842407307376132
0.7362921707962515,0.6853950604819159,0.27625358923583776,0.2533073623223517
0.7350901577033476,0.6893624783285484,0.1,0.1
0.7151392650661395,0.6525556194699536,0.1,0.12977296884980632
0.7692931460119874,0.7306905142206229,0.1,0.3172307725735713
0.7900728753161746,0.7625525778428422,0.1,0.17565196964407476
0.7410406276721193,0.6937704264151561,0.10972514481146725,0.19385225205730897
0.7781438939364246,0.7268822451028629,0.1,0.1
0.7502874064185857,0.7347835549275868,0.10018976557124036,0.1
0.7336729937247196,0.7198444746378466,0.1,0.1
0.7655650414856006,0.6955194101420876,0.1,0.24200756194908546
0.7419474878164943,0.6754474569460669,0.10913822822566191,0.1
0.7858223707192449,0.7369396352656137,0.18552340407731682,0.27648900208336846
0.7875064114346242,0.76163780813015,0.1,0.13532563081041743
0.7815729205742727,0.7499478510470097,0.1,0.29943815996445344
0.7304909989157936,0.6948561294456082,0.1,0.2320979137502567
0.7668234584548383,0.7134815798439264,0.1955201620249612,0.43471182742844383
0.7460146904256741,0.7140513421628647,0.1,0.1955366767337205
0.7787984144539407,0.7431708500109253,0.1,0.13932087484613934
0.8301574322197948,0.7868949070556511,0.1,0.1392910544266061
0.7486048115878273,0.7054265900005058,0.21567224761679327,0.29664615962662705
0.7317190814193902,0.6822617306755029,0.20095666956668956,0.18349522257129022
0.741710536794211,0.7201181801942546,0.10280688776617103,0.11495886613005327
0.760794733214634,0.7045908683962592,0.14085358147805235,0.11272601112504183
0.7534180492574893,0.7280146681024878,0.1,0.1432503012594942
0.7716323732895425,0.7557369787630757,0.1,0.1
0.748160163775769,0.7092290473487509,0.1,0.12006005015468693
0.7743899486923255,0.7554373096609321,0.1,0.12237840856968041
0.7660685477362252,0.7249220001451209,0.1387698934374742,0.12904547264523725
0.7753228202137737,0.7131285289162838,0.1,0.14465543975202785
0.7522112854447494,0.7156923021132158,0.1,0.1
0.7712510672038114,0.7464679461308328,0.2057176324705267,0.1
0.7616947848852907,0.6950530147610983,0.1,0.1250140486757463
0.7890120908654525,0.7516632261739676,0.14237403794980202,0.10064527222111573
0.7319940266642208,0.6864356517270364,0.1,0.1
0.7215486078370298,0.6868761688515187,0.14638348986953761,0.1743581155746965
0.7429147645659646,0.6921173231732867,0.1,0.2454216426649872
0.7354081090250236,0.6645022452288016,0.1,0.1
0.7505907596656367,0.7474889543311872,0.1,0.10360297491423
0.7870230466374414,0.7352996471933244,0.12150579301244596,0.24584614127250176
0.7762540359742697,0.7448666130877505,0.1,0.1
0.7688449130356998,0.7168653312155486,0.1,0.1
0.7696211530692763,0.7274310422725316,0.1376462711085965,0.1
0.7810105784406824,0.7202157231516363,0.19318109231341218,0.1
0.7720035788671152,0.7345372778190844,0.1,0.1
0.7545990788442869,0.7206302002738754,0.1,0.14971607218273036
0.7708014528219751,0.7499889999103739,0.1,0.11295907666474386
0.8162617272336952,0.7699485668858648,0.1,0.12960616430793281
0.7763788747659149,0.7237766091440004,0.1,0.1
0.7636460398518169,0.7070920383498719,0.1,0.1
0.7456236458988507,0.6896459608160439,0.219420058921254,0.35664936400295666
0.7707973793126903,0.7174375130247226,0.1724879718044755,0.2765387907444691
0.7949743702480546,0.7778463913462903,0.1,0.18969522417206994
0.7881009057477443,0.7518599605003532,0.1,0.1
0.7742361911558212,0.7273608503138594,0.17416192638875222,0.3714643940776001
0.7405476234238579,0.683885398752884,0.1,0.1070952816379559
0.7368172070430359,0.7144742779949362,0.1399997925658777,0.1
0.8071779723163252,0.7621091397230295,0.1,0.1
0.8193078516743362,0.8044696307179691,0.1,0.16230841423935244
0.810962071971346,0.7940984616414901,0.1,0.2687177451124405
0.7580841740118159,0.6810298281826697,0.1,0.1519124617534281
0.7634572062084163,0.717171566984227,0.14451294986797075,0.175013179096624
0.7988146400492531,0.7515405535397676,0.1,0.1
0.7694843604596465,0.7300386352217044,0.1,0.1554975093607821
0.7463187769964923,0.7337718786937663,0.1,0.1
0.7855352511985279,0.7884807723588921,0.1,0.1
0.7592242661910755,0.733733379318822,0.1,0.2640085596819951
0.7384282883485825,0.7278713424242977,0.1,0.1
0.7797916407923347,0.7391309636138282,0.1,0.1899131078621582
0.7563390702420878,0.6971926470070472,0.22081167184926714,0.202510690222715
0.7860102159548338,0.7444407379892314,0.1,0.1
0.8087832203989904,0.7488727901361165,0.1802963293609153,0.1
0.7743596333822845,0.7317298287863705,0.2132217909844561,0.31690275706240745
0.7748466809750427,0.7069160422540735,0.1,0.10464435546975887
0.7742171181209662,0.7176560388090965,0.1,0.1
0.746614289326032,0.6771840095932732,0.1,0.17213092828678173
0.7854890850371681,0.7664005836336751,0.1,0.11013419470650285
0.7942690352476421,0.7211596892283864,0.1,0.24392161420546643
0.7952383463811361,0.7309317854417288,0.1,0.1
0.7877762524384915,0.6944818586329995,0.1,0.38914108995200675
0.7793197375501842,0.7383708913408381,0.1,0.10041331455963941
0.7701052144761305,0.7185206271952718,0.1,0.1
0.7801275821393944,0.7778707008763984,0.1,0.1
0.8198769651755827,0.8013561511657116,0.1,0.1642748864972439
0.7893084550987166,0.7572771532589946,0.1,0.24989229621398942
0.7797788030611253,0.6958745971486013,0.1,0.1
0.7909414314507592,0.7397349847819918,0.1,0.1
0.787368650603079,0.7730892001079763,0.1,0.16087108115629334
0.7692523908663885,0.7254010679249348,0.1,0.1
0.7733919572318696,0.7420582457367009,0.1,0.1
0.774710501794739,0.7585462999432027,0.1549207260256435,0.15567488962704082
0.785374761246213,0.75418215579468,0.1,0.1584267696475785
0.7561543320828,0.734613649450062,0.18639251161227127,0.18929465700275916
0.7940721429000053,0.7772330265084152,0.1,0.1
0.8008246166440456,0.7280914181347551,0.1,0.1
0.8213019280784011,0.7778751868327471,0.1,0.1
0.7486729659454026,0.7165257534888867,0.1,0.15329450845466208
0.7879948225627871,0.7507622633807972,0.1,0.22506900145796765
0.7930583073955852,0.7751837196756781,0.1,0.2538156192114579
0.7726777125384879,0.7394702924871627,0.12149610214448564,0.1
0.7801955317742938,0.7279357458639003,0.1,0.1
0.7937672127274583,0.7261184269834695,0.18087524961195903,0.17431996824557142
0.7832925871178797,0.7507258932052453,0.15424047076517808,0.14184490957385765
0.7555342520330631,0.7007064548861333,0.1,0.22020612625828717
0.7843320309262952,0.7174872944329522,0.11400662602563152,0.10332912353478224
0.793603893716896,0.7826279975523033,0.1,0.2215193456180994
0.7878507388690835,0.7421499800631831,0.12499801511315067,0.13703979093462654
0.7680533478344699,0.6889280553762751,0.1,0.10497248874497979
0.7592763830053867,0.7092531423829587,0.1,0.13113157587983407
0.7761258303352422,0.7575974739155417,0.1,0.1
0.7833152936519049,0.7440074788378239,0.1,0.1
0.7765876004743651,0.7512683165968831,0.1,0.23202219848135042
0.7748694226188608,0.726869489644533,0.1,0.13329756760278796
0.7594313528534926,0.7456582687215203,0.17003686162843773,0.24872549021125492
0.7901728136437908,0.7404392056132533,0.13125498689098747,0.24220631737547726
0.7794727147409957,0.7261376900612787,0.1,0.12469038071446045
0.7893301978720144,0.7409690438483272,0.1,0.11747848132300252
0.7751654544104546,0.7102164770683367,0.1,0.1
0.785156161438141,0.746919999806958,0.1,0.1
0.7578530420105473,0.7013089228716591,0.15207726267921234,0.23484515073142848
0.7674751014815296,0.692978931084943,0.1,0.1
0.7787406886271225,0.7267769538386335,0.1,0.1797185402650476
0.794387120457901,0.7723883951616842,0.17346195756627814,0.3305940401690266
0.7655740270389807,0.746290907846628,0.1,0.24150216656621096
0.8016031987484261,0.8036779974070646,0.1,0.14824212684035906
0.7809548886890987,0.70647887060523,0.1,0.1
0.7703773681902883,0.740408099354558,0.399417604217392,0.6251767342446172
0.7900123355243338,0.7763362930033022,0.1,0.18244863299410258
0.7965809774391124,0.7661023130932394,0.21857134778858794,0.12892109279008349
0.8415254222348157,0.7929966262213441,0.13770138489386546,0.3522511737097582
0.8425307024645491,0.7771972201043801,0.1,0.1
0.8259387820076924,0.7891430456865359,0.10895199897522426,0.1
0.7735750900695878,0.7326785025803032,0.1,0.12451199225646448
0.801391189003863,0.7792787614632639,0.1,0.1
0.7795560990228025,0.7597697817660084,0.1,0.18214135492716008
0.7860208221850996,0.7837270576971183,0.1,0.20599985710605911
0.7929452367523916,0.7727758335695115,0.1,0.21188342766063262
0.7839112432765712,0.7567273085192001,0.20620039860965056,0.2541620388522044
0.8055438103587751,0.7627794115329453,0.14268579009373605,0.303658889004645
0.8136090499372285,0.7450480937291635,0.1,0.16699634008374653
0.7839866899755313,0.7458570738092184,0.1,0.1
0.7735734789686689,0.7390804012486706,0.1,0.1
0.7737159570343597,0.7194965912900688,0.1,0.1
0.834553846519278,0.8070703325698145,0.1,0.1172284147454809
0.7662110713760595,0.7476572873681514,0.1,0.1
0.7841505416354839,0.744747645175074,0.1,0.24908557354279934
0.8022328608233585,0.7567852366046435,0.1,0.1
0.7768788488163707,0.7172591035959027,0.13641396281895446,0.1
0.7916101232324643,0.7643856185350445,0.1,0.20883637777999164
0.7759857247089296,0.7410683856974877,0.1,0.16986646122065613
0.7881030204779641,0.7780559998312234,0.1,0.1
0.7950703504800875,0.759528770346356,0.1,0.1
0.8076696328100665,0.7562509288308547,0.1,0.12303677578605027
0.8137641380337497,0.7690360419245034,0.1,0.205967663974028
0.8133462961442254,0.7832377295739618,0.11265748829280708,0.1
0.8198899552543158,0.7774823635398722,0.1931305492419287,0.31960093949049406
0.7576696183642134,0.7161834477514313,0.16678471334678324,0.21735295321561254
0.8173879483049831,0.7749337402995522,0.1,0.1
0.8149757770853023,0.7912015358286458,0.1,0.1
0.8190643148021378,0.7754766193035761,0.17187657052006444,0.1
0.8099858209349059,0.7812682590099493,0.1,0.252113710522218
0.810798355996067,0.7320178518729874,0.1,0.21601004985724487
0.8015169471501615,0.7479616973529188,0.1,0.23832029235909216
0.7598801628372647,0.7343280694380734,0.1,0.17752306608786605
0.7991632082359684,0.7591596552169906,0.161111723137919,0.15447455143602276
0.8143841290660667,0.7789643185962374,0.1,0.1
0.7771930841830114,0.7336384212019746,0.1,0.1
0.8000944853222429,0.748825331481464,0.1960664562589089,0.2156197690694324
0.8204123581547215,0.7672654063008693,0.1,0.20775485645815012
0.7788211580099142,0.7618920062326004,0.1,0.16244043687044224
0.7886936200733574,0.7279666644625647,0.1878851087398435,0.19808084130553014
0.8220464166334732,0.7766471693999325,0.1,0.29108428989474733
0.8269722438660824,0.8081600626335491,0.1,0.29756829880273983
0.8087583362411838,0.7577848440808178,0.1,0.25272192020093287
0.8340014285564253,0.7920663547683416,0.1,0.1
0.8072289095899473,0.7710856009597795,0.1384925732828507,0.2306190922089732
0.7843934448070972,0.7283100592256698,0.2479080954070841,0.3846107214009603
0.8272161676662938,0.8144199232678949,0.14365098008839522,0.2008680499205068
0.7977394647806579,0.7771182152657237,0.1,0.16527147836257133
0.8015922271762959,0.7537678925296699,0.1,0.11559023494832484
0.8092983069693449,0.7900112604118721,0.1,0.1
0.8069176877051951,0.7962385937008274,0.1,0.10594116004859262
0.814149542391956,0.7703619304991729,0.1,0.21046358645154772
0.8239623630773946,0.8068766332009522,0.1,0.1
0.8130352973294503,0.7665360987693435,0.1,0.45705341673069105
0.8269630633855214,0.7897451115911214,0.1,0.1609196392518962
0.8153097747256866,0.7810598250550865,0.1,0.1451617358912543
0.8437528781913404,0.8094011882678118,0.1,0.20772378170619388
0.829502635705542,0.7749885046256941,0.1,0.27079524989853715
0.7860536315796329,0.7441671452284739,0.1,0.1
0.7967516503305982,0.7656875440182198,0.1,0.1
0.8313720529246336,0.8085730362908755,0.2340089877062102,0.19885754988568785
0.8134565044045332,0.7675794465073016,0.1,0.1399978288204745
0.8141376794871739,0.795049582629049,0.1,0.2782551789165687
0.8272978790504066,0.7832162164583502,0.1,0.1
0.7996693780149297,0.7522157599498966,0.10015255597114467,0.2676206399092028
0.7750339453971972,0.7453164981954927,0.1,0.2112964155379191
0.8126157706150736,0.7882629600772945,0.1,0.11908294992557389
0.8091001407382907,0.7693857131715656,0.1,0.20498492785842204
0.7940496949757988,0.7566102145608607,0.1,0.2721895799276074
0.7803980923000275,0.7502896270350231,0.1,0.1610082877628698
0.8199908009505794,0.775056646416285,0.1,0.1
0.8116152672272606,0.7775269506842499,0.1,0.2073164886394776
0.8047004076654355,0.7438650638130372,0.1,0.1
0.8032952364497726,0.7656615935686572,0.1,0.1016073522212578
0.8263984306266701,0.7837146185547352,0.1,0.1
0.8487304868344867,0.7956756565703054,0.1,0.1
0.7893717724165589,0.7275335600854758,0.1,0.1
0.8490313773157662,0.8133587539090544,0.1,0.1
0.8168147131028507,0.7702470186608773,0.1,0.18360879305237185
0.7831684995487829,0.7608508506027711,0.10019532753209157,0.18434063117142607
0.8032415338438111,0.7212048408364822,0.1,0.1
0.8244039530316684,0.7882916714084732,0.1,0.1
0.8434603781756932,0.7863459274370879,0.1,0.1
0.8515990574749711,0.8156768920252233,0.18712129166589525,0.3846326174986642
0.8214535078693584,0.7939767702358973,0.1295838133725256,0.1
0.8021602877487299,0.7645989405312529,0.1,0.1
0.8047760561884741,0.8043816274937484,0.1,0.2300993177393626
0.8188051560167203,0.8058704863441327,0.1,0.229810354585678
0.8311467550492347,0.7898771623463602,0.1957367153922644,0.20021317818517004
0.8366987141157122,0.8274544951499607,0.20726173101526787,0.16275365088339988
0.7923943444744821,0.7629696449837536,0.10138539282905348,0.18329167861767207
0.8225163087828702,0.7931786774959093,0.1,0.1
0.8125599836373939,0.740375968286406,0.1,0.10138913792537038
0.8315571836538862,0.778370517768786,0.1,0.1
0.836457926356211,0.787238565199301,0.1,0.1
0.8071625844925912,0.8008058006198795,0.1,0.16011392079632872
0.8281559324061823,0.7935991212828925,0.1,0.1
0.8829510524912293,0.8790813223341953,0.1,0.2223096980736916
0.8391724620049104,0.7914503078285662,0.1,0.11905626979843678
0.8292527445136709,0.7669366414485549,0.1,0.16078868137872745
0.8275748135654736,0.7689721653110179,0.21155236926695561,0.10139874234283813
0.8333360133662209,0.8282556487235345,0.30444522241437466,0.23199016462926414
0.8750808704970068,0.811049930394674,0.1,0.32571947356670855
0.8363054945629341,0.7656258402648798,0.11115053737791764,0.36646058173073914
0.8469164016033902,0.8288594294249091,0.1,0.1
0.8180258576745423,0.8036002220804507,0.1,0.209061854808859
0.8419204666729003,0.805674116154621,0.14001310698049285,0.21878845592701404
0.8167250140861387,0.7593937722602718,0.1,0.2286769833771904
0.8713497347947611,0.8463748495000246,0.1,0.1
0.8547966874768503,0.8183219461615232,0.1,0.1
0.8405092778771129,0.817103938808049,0.1,0.22985831088887843
0.801902260966338,0.7585092845786645,0.11338423002707854,0.1030260259478398
0.8028497292703815,0.7728732344895803,0.1,0.2733314939564252
0.8576104350568374,0.8425491685050737,0.1,0.23822300918773293
0.8745290359839194,0.818623070249479,0.13181605176996736,0.3041420534810774
0.8149968944103753,0.7734935868430739,0.1,0.19754847519159918
0.799596852533971,0.7764726600984445,0.1,0.1
0.8598154845227762,0.7996185393976744,0.1,0.1
0.8519651185781084,0.785426423814237,0.1,0.1799772959456252
0.8342252658080749,0.7727382468179425,0.1,0.10242302835067091
0.854063383840967,0.8280653043357222,0.1,0.17518742575599722
0.8499531011453877,0.8274166358513055,0.1,0.1
0.8736779324830855,0.8213606312454643,0.1,0.1
0.8558537327467102,0.7933170834318279,0.1,0.1
0.8292799990330959,0.7194058708777882,0.14614584006336404,0.21955945012162773
0.8272917510578118,0.7782388842056478,0.1,0.2527337168543976
0.8335291062285034,0.813848972063668,0.1,0.1
0.8425937185748078,0.7898781284038788,0.1,0.11977786652179308
0.8244372625065629,0.7873500730435216,0.12550091984653888,0.1
0.8544530388264214,0.7966352791993805,0.1,0.1
0.8796523376016271,0.8053356256108217,0.1,0.1953532816056344
0.7951103613191419,0.7646976579124919,0.1,0.1
0.8614237833587484,0.8457981368976195,0.1,0.13043647671695474
0.8214476121606696,0.7548440110266857,0.1,0.2207940691566172
